task,segment,step,time_s,q1,q2,q3,q4,q5,q6,selfDist_mm,selfCollision,envCollision,tcpX_mm,tcpY_mm,tcpZ_mm
1,0,0,0.0000,168.765,-112.913,151.103,-110.443,146.911,110.908,185.47,0,0,580.0,30.6,565.0
1,0,10,0.0400,168.765,-112.911,151.103,-110.444,146.911,110.908,185.47,0,0,580.0,30.6,565.0
1,0,20,0.0800,168.765,-112.902,151.105,-110.455,146.911,110.908,185.44,0,0,580.0,30.6,564.9
1,0,30,0.1201,168.765,-112.877,151.108,-110.483,146.911,110.908,185.39,0,0,580.1,30.6,564.7
1,0,40,0.1601,168.765,-112.830,151.113,-110.535,146.911,110.908,185.29,0,0,580.3,30.6,564.3
1,0,50,0.2001,168.765,-112.756,151.122,-110.618,146.911,110.908,185.12,0,0,580.5,30.5,563.7
1,0,60,0.2401,168.765,-112.648,151.135,-110.739,146.911,110.908,184.88,0,0,580.8,30.4,562.8
1,0,70,0.2802,168.765,-112.503,151.152,-110.901,146.911,110.908,184.56,0,0,581.2,30.4,561.6
1,0,80,0.3202,168.765,-112.316,151.174,-111.110,146.911,110.908,184.14,0,0,581.8,30.2,560.0
1,0,90,0.3602,168.765,-112.085,151.201,-111.369,146.911,110.908,183.63,0,0,582.5,30.1,558.1
1,0,100,0.4002,168.765,-111.806,151.234,-111.680,146.911,110.908,183.01,0,0,583.3,30.0,555.8
1,0,110,0.4403,168.765,-111.478,151.273,-112.047,146.911,110.908,182.29,0,0,584.2,29.8,553.0
1,0,120,0.4803,168.765,-111.100,151.317,-112.470,146.911,110.908,181.45,0,0,585.2,29.6,549.9
1,0,130,0.5203,168.765,-110.670,151.368,-112.951,146.911,110.908,180.51,0,0,586.4,29.3,546.3
1,0,140,0.5603,168.765,-110.187,151.425,-113.491,146.911,110.908,179.45,0,0,587.7,29.1,542.2
1,0,150,0.6004,168.765,-109.652,151.489,-114.089,146.911,110.908,178.27,0,0,589.0,28.8,537.7
1,0,160,0.6404,168.765,-109.065,151.558,-114.745,146.911,110.908,176.99,0,0,590.5,28.5,532.8
1,0,170,0.6804,168.765,-108.428,151.633,-115.457,146.911,110.908,175.60,0,0,591.9,28.2,527.4
1,0,180,0.7204,168.765,-107.741,151.714,-116.226,146.911,110.908,174.11,0,0,593.5,27.9,521.6
1,0,190,0.7605,168.765,-107.005,151.801,-117.048,146.911,110.908,172.51,0,0,595.0,27.6,515.4
1,0,200,0.8005,168.765,-106.224,151.893,-117.922,146.911,110.908,170.83,0,0,596.6,27.3,508.8
1,0,210,0.8405,168.765,-105.399,151.991,-118.844,146.911,110.908,169.06,0,0,598.1,27.0,501.8
1,0,220,0.8805,168.765,-104.533,152.093,-119.813,146.911,110.908,167.20,0,0,599.5,26.7,494.5
1,0,230,0.9206,168.765,-103.629,152.200,-120.824,146.911,110.908,165.28,0,0,600.9,26.4,486.9
1,0,240,0.9606,168.765,-102.689,152.311,-121.874,146.911,110.908,163.29,0,0,602.2,26.2,478.9
1,0,250,1.0006,168.765,-101.718,152.426,-122.960,146.911,110.908,161.24,0,0,603.4,26.0,470.7
1,0,260,1.0406,168.765,-100.719,152.544,-124.078,146.911,110.908,159.15,0,0,604.5,25.7,462.3
1,0,270,1.0807,168.765,-99.695,152.665,-125.222,146.911,110.908,157.01,0,0,605.4,25.6,453.6
1,0,280,1.1207,168.765,-98.650,152.788,-126.390,146.911,110.908,154.85,0,0,606.1,25.4,444.9
1,0,290,1.1607,168.765,-97.590,152.914,-127.576,146.911,110.908,152.66,0,0,606.7,25.3,436.0
1,0,300,1.2007,168.765,-96.516,153.040,-128.776,146.911,110.908,150.47,0,0,607.1,25.2,427.0
1,0,310,1.2408,168.765,-95.435,153.168,-129.986,146.911,110.908,148.27,0,0,607.3,25.2,418.0
1,0,320,1.2808,168.765,-94.349,153.296,-131.200,146.911,110.908,146.08,0,0,607.3,25.2,409.0
1,0,330,1.3208,168.765,-93.264,153.425,-132.413,146.911,110.908,143.90,0,0,607.1,25.2,400.0
1,0,340,1.3608,168.765,-92.183,153.552,-133.622,146.911,110.908,141.74,0,0,606.7,25.3,391.1
1,0,350,1.4009,168.765,-91.110,153.679,-134.821,146.911,110.908,139.62,0,0,606.2,25.4,382.3
1,0,360,1.4409,168.765,-90.051,153.804,-136.005,146.911,110.908,137.54,0,0,605.5,25.5,373.7
1,0,370,1.4809,168.765,-89.009,153.927,-137.171,146.911,110.908,135.51,0,0,604.6,25.7,365.3
1,0,380,1.5209,168.765,-87.987,154.048,-138.313,146.911,110.908,133.53,0,0,603.6,25.9,357.1
1,0,390,1.5610,168.765,-86.990,154.166,-139.428,146.911,110.908,131.61,0,0,602.4,26.1,349.1
1,0,400,1.6010,168.765,-86.022,154.280,-140.510,146.911,110.908,129.76,0,0,601.2,26.4,341.4
1,0,410,1.6410,168.765,-85.086,154.391,-141.557,146.911,110.908,127.98,0,0,599.8,26.7,334.1
1,0,420,1.6810,168.765,-84.185,154.497,-142.564,146.911,110.908,126.28,0,0,598.4,26.9,327.0
1,0,430,1.7211,168.765,-83.323,154.599,-143.528,146.911,110.908,124.67,0,0,597.0,27.2,320.3
1,0,440,1.7611,168.765,-82.502,154.696,-144.446,146.911,110.908,123.14,0,0,595.5,27.5,314.0
1,0,450,1.8011,168.765,-81.726,154.788,-145.314,146.911,110.908,121.70,0,0,594.0,27.8,308.1
1,0,460,1.8411,168.765,-80.995,154.874,-146.131,146.911,110.908,120.35,0,0,592.5,28.1,302.6
1,0,470,1.8812,168.765,-80.313,154.955,-146.894,146.911,110.908,119.10,0,0,591.0,28.4,297.4
1,0,480,1.9212,168.765,-79.680,155.029,-147.601,146.911,110.908,117.95,0,0,589.6,28.7,292.7
1,0,490,1.9612,168.765,-79.099,155.098,-148.252,146.911,110.908,116.89,0,0,588.2,29.0,288.3
1,0,500,2.0012,168.765,-78.569,155.161,-148.844,146.911,110.908,115.93,0,0,587.0,29.2,284.4
1,0,510,2.0413,168.765,-78.092,155.217,-149.377,146.911,110.908,115.07,0,0,585.8,29.4,280.9
1,0,520,2.0813,168.765,-77.667,155.267,-149.853,146.911,110.908,114.31,0,0,584.7,29.7,277.8
1,0,530,2.1213,168.765,-77.293,155.311,-150.270,146.911,110.908,113.64,0,0,583.8,29.9,275.1
1,0,540,2.1613,168.765,-76.970,155.349,-150.631,146.911,110.908,113.06,0,0,582.9,30.0,272.7
1,0,550,2.2014,168.765,-76.697,155.382,-150.937,146.911,110.908,112.58,0,0,582.2,30.2,270.8
1,0,560,2.2414,168.765,-76.470,155.409,-151.191,146.911,110.908,112.17,0,0,581.6,30.3,269.1
1,0,570,2.2814,168.765,-76.288,155.430,-151.395,146.911,110.908,111.85,0,0,581.1,30.4,267.8
1,0,580,2.3214,168.765,-76.146,155.447,-151.553,146.911,110.908,111.60,0,0,580.7,30.5,266.8
1,0,590,2.3615,168.765,-76.042,155.459,-151.669,146.911,110.908,111.42,0,0,580.4,30.5,266.1
1,0,600,2.4015,168.765,-75.971,155.468,-151.749,146.911,110.908,111.29,0,0,580.2,30.6,265.5
1,0,610,2.4415,168.765,-75.926,155.473,-151.799,146.911,110.908,111.21,0,0,580.1,30.6,265.2
1,0,620,2.4815,168.765,-75.903,155.476,-151.825,146.911,110.908,111.17,0,0,580.0,30.6,265.1
1,0,630,2.5216,168.765,-75.895,155.477,-151.834,146.911,110.908,111.15,0,0,580.0,30.6,265.0
1,0,639,2.5576,168.765,-75.894,155.477,-151.835,146.911,110.908,111.15,0,0,580.0,30.6,265.0
1,1,0,0.0000,168.765,-75.894,155.477,-151.835,146.911,110.908,51.87,0,0,580.0,30.6,265.0
1,1,10,0.0400,168.765,-75.895,155.476,-151.833,146.911,110.908,51.87,0,0,580.0,30.6,265.0
1,1,20,0.0800,168.765,-75.905,155.475,-151.823,146.911,110.908,51.87,0,0,580.0,30.6,265.1
1,1,30,0.1201,168.765,-75.930,155.472,-151.795,146.911,110.908,51.87,0,0,580.1,30.6,265.3
1,1,40,0.1601,168.765,-75.976,155.467,-151.743,146.911,110.908,51.87,0,0,580.2,30.6,265.6
1,1,50,0.2001,168.765,-76.051,155.458,-151.659,146.911,110.908,51.87,0,0,580.4,30.5,266.1
1,1,60,0.2401,168.765,-76.159,155.445,-151.539,146.911,110.908,51.87,0,0,580.7,30.5,266.9
1,1,70,0.2802,168.765,-76.304,155.428,-151.376,146.911,110.908,51.87,0,0,581.1,30.4,267.9
1,1,80,0.3202,168.765,-76.491,155.406,-151.168,146.911,110.908,51.87,0,0,581.6,30.3,269.3
1,1,90,0.3602,168.765,-76.722,155.379,-150.909,146.911,110.908,51.87,0,0,582.3,30.2,271.0
1,1,100,0.4002,168.765,-77.000,155.346,-150.598,146.911,110.908,51.87,0,0,583.0,30.0,273.0
1,1,110,0.4403,168.765,-77.328,155.307,-150.231,146.911,110.908,51.87,0,0,583.9,29.8,275.3
1,1,120,0.4803,168.765,-77.707,155.262,-149.808,146.911,110.908,51.87,0,0,584.8,29.6,278.1
1,1,130,0.5203,168.765,-78.137,155.212,-149.327,146.911,110.908,51.87,0,0,585.9,29.4,281.3
1,1,140,0.5603,168.765,-78.620,155.155,-148.787,146.911,110.908,51.87,0,0,587.1,29.2,284.8
1,1,150,0.6004,168.765,-79.155,155.091,-148.189,146.911,110.908,51.87,0,0,588.4,28.9,288.8
1,1,160,0.6404,168.765,-79.741,155.022,-147.533,146.911,110.908,51.87,0,0,589.7,28.7,293.1
1,1,170,0.6804,168.765,-80.379,154.947,-146.820,146.911,110.908,51.87,0,0,591.1,28.4,297.9
1,1,180,0.7204,168.765,-81.066,154.866,-146.052,146.911,110.908,51.87,0,0,592.6,28.1,303.1
1,1,190,0.7605,168.765,-81.801,154.779,-145.230,146.911,110.908,51.87,0,0,594.1,27.8,308.7
1,1,200,0.8005,168.765,-82.583,154.686,-144.356,146.911,110.908,51.87,0,0,595.6,27.5,314.6
1,1,210,0.8405,168.765,-83.408,154.589,-143.434,146.911,110.908,51.87,0,0,597.1,27.2,321.0
1,1,220,0.8805,168.765,-84.274,154.487,-142.465,146.911,110.908,51.87,0,0,598.6,26.9,327.7
1,1,230,0.9206,168.765,-85.178,154.380,-141.454,146.911,110.908,51.87,0,0,600.0,26.6,334.8
1,1,240,0.9606,168.765,-86.118,154.269,-140.403,146.911,110.908,51.87,0,0,601.3,26.4,342.2
1,1,250,1.0006,168.765,-87.089,154.154,-139.318,146.911,110.908,51.87,0,0,602.6,26.1,349.9
1,1,260,1.0406,168.765,-88.088,154.036,-138.200,146.911,110.908,51.87,0,0,603.7,25.9,357.9
1,1,270,1.0807,168.765,-89.112,153.915,-137.055,146.911,110.908,51.87,0,0,604.7,25.7,366.1
1,1,280,1.1207,168.765,-90.156,153.792,-135.888,146.911,110.908,51.87,0,0,605.6,25.5,374.5
1,1,290,1.1607,168.765,-91.217,153.666,-134.702,146.911,110.908,51.87,0,0,606.3,25.4,383.2
1,1,300,1.2007,168.765,-92.290,153.540,-133.501,146.911,110.908,51.87,0,0,606.8,25.3,392.0
1,1,310,1.2408,168.765,-93.372,153.412,-132.292,146.911,110.908,51.87,0,0,607.1,25.2,400.9
1,1,320,1.2808,168.765,-94.458,153.284,-131.078,146.911,110.908,51.87,0,0,607.3,25.2,409.9
1,1,330,1.3208,168.765,-95.543,153.155,-129.865,146.911,110.908,51.87,0,0,607.3,25.2,418.9
1,1,340,1.3608,168.765,-96.624,153.028,-128.656,146.911,110.908,51.87,0,0,607.0,25.2,427.9
1,1,350,1.4009,168.765,-97.696,152.901,-127.457,146.911,110.908,51.87,0,0,606.6,25.3,436.9
1,1,360,1.4409,168.765,-98.756,152.776,-126.272,146.911,110.908,51.87,0,0,606.0,25.4,445.7
1,1,370,1.4809,168.765,-99.798,152.653,-125.107,146.911,110.908,51.87,0,0,605.3,25.6,454.5
1,1,380,1.5209,168.765,-100.820,152.532,-123.965,146.911,110.908,51.87,0,0,604.4,25.8,463.1
1,1,390,1.5610,168.765,-101.816,152.414,-122.850,146.911,110.908,51.87,0,0,603.3,26.0,471.5
1,1,400,1.6010,168.765,-102.785,152.300,-121.768,146.911,110.908,51.87,0,0,602.1,26.2,479.7
1,1,410,1.6410,168.765,-103.721,152.189,-120.721,146.911,110.908,51.87,0,0,600.8,26.5,487.6
1,1,420,1.6810,168.765,-104.621,152.083,-119.714,146.911,110.908,51.87,0,0,599.4,26.7,495.3
1,1,430,1.7211,168.765,-105.483,151.981,-118.750,146.911,110.908,51.87,0,0,597.9,27.0,502.5
1,1,440,1.7611,168.765,-106.304,151.884,-117.832,146.911,110.908,51.87,0,0,596.4,27.3,509.5
1,1,450,1.8011,168.765,-107.081,151.792,-116.963,146.911,110.908,51.87,0,0,594.9,27.6,516.0
1,1,460,1.8411,168.765,-107.812,151.706,-116.147,146.911,110.908,51.87,0,0,593.3,28.0,522.2
1,1,470,1.8812,168.765,-108.494,151.625,-115.384,146.911,110.908,51.87,0,0,591.8,28.3,528.0
1,1,480,1.9212,168.765,-109.126,151.551,-114.676,146.911,110.908,51.87,0,0,590.3,28.6,533.3
1,1,490,1.9612,168.765,-109.708,151.482,-114.026,146.911,110.908,51.87,0,0,588.9,28.8,538.2
1,1,500,2.0012,168.765,-110.238,151.419,-113.434,146.911,110.908,51.87,0,0,587.5,29.1,542.6
1,1,510,2.0413,168.765,-110.715,151.363,-112.900,146.911,110.908,51.87,0,0,586.3,29.4,546.6
1,1,520,2.0813,168.765,-111.140,151.313,-112.425,146.911,110.908,51.87,0,0,585.1,29.6,550.2
1,1,530,2.1213,168.765,-111.513,151.269,-112.007,146.911,110.908,51.87,0,0,584.1,29.8,553.3
1,1,540,2.1613,168.765,-111.836,151.230,-111.646,146.911,110.908,51.87,0,0,583.2,30.0,556.0
1,1,550,2.2014,168.765,-112.110,151.198,-111.340,146.911,110.908,51.87,0,0,582.4,30.1,558.3
1,1,560,2.2414,168.765,-112.337,151.171,-111.087,146.911,110.908,51.87,0,0,581.7,30.3,560.2
1,1,570,2.2814,168.765,-112.519,151.150,-110.883,146.911,110.908,51.87,0,0,581.2,30.4,561.7
1,1,580,2.3214,168.765,-112.660,151.133,-110.725,146.911,110.908,51.87,0,0,580.8,30.4,562.9
1,1,590,2.3615,168.765,-112.765,151.121,-110.609,146.911,110.908,51.87,0,0,580.5,30.5,563.8
1,1,600,2.4015,168.765,-112.836,151.112,-110.528,146.911,110.908,51.87,0,0,580.2,30.6,564.4
1,1,610,2.4415,168.765,-112.881,151.107,-110.479,146.911,110.908,51.87,0,0,580.1,30.6,564.7
1,1,620,2.4815,168.765,-112.904,151.104,-110.453,146.911,110.908,51.87,0,0,580.0,30.6,564.9
1,1,630,2.5216,168.765,-112.912,151.103,-110.444,146.911,110.908,51.87,0,0,580.0,30.6,565.0
1,1,639,2.5576,168.765,-112.913,151.103,-110.443,146.911,110.908,51.87,0,0,580.0,30.6,565.0
1,2,0,0.0000,168.765,-112.913,151.103,-110.443,146.911,110.908,51.87,0,0,580.0,30.6,565.0
1,2,10,0.0400,168.765,-112.913,151.102,-110.443,146.910,110.908,51.87,0,0,580.0,30.6,565.0
1,2,20,0.0801,168.764,-112.912,151.095,-110.446,146.908,110.911,51.87,0,0,580.1,30.6,565.1
1,2,30,0.1201,168.762,-112.909,151.077,-110.452,146.901,110.920,51.87,0,0,580.3,30.5,565.4
1,2,40,0.1601,168.757,-112.903,151.041,-110.465,146.887,110.936,51.87,0,0,580.7,30.4,566.0
1,2,50,0.2002,168.748,-112.895,150.984,-110.486,146.866,110.962,51.87,0,0,581.3,30.2,566.9
1,2,60,0.2402,168.737,-112.882,150.899,-110.516,146.834,111.001,51.87,0,0,582.1,30.0,568.3
1,2,70,0.2802,168.720,-112.864,150.784,-110.558,146.790,111.054,51.87,0,0,583.4,29.6,570.2
1,2,80,0.3203,168.699,-112.842,150.633,-110.612,146.734,111.122,51.87,0,0,584.9,29.2,572.6
1,2,90,0.3603,168.672,-112.813,150.443,-110.681,146.662,111.209,51.87,0,0,586.9,28.6,575.7
1,2,100,0.4004,168.639,-112.777,150.211,-110.765,146.574,111.316,51.87,0,0,589.3,27.9,579.6
1,2,110,0.4404,168.600,-112.735,149.932,-110.866,146.469,111.443,51.87,0,0,592.2,27.1,584.1
1,2,120,0.4804,168.553,-112.685,149.604,-110.984,146.346,111.593,51.87,0,0,595.5,26.1,589.5
1,2,130,0.5205,168.500,-112.628,149.224,-111.121,146.203,111.767,51.87,0,0,599.3,24.9,595.7
1,2,140,0.5605,168.438,-112.562,148.789,-111.278,146.039,111.966,51.87,0,0,603.7,23.6,602.9
1,2,150,0.6005,168.369,-112.487,148.298,-111.456,145.854,112.190,51.87,0,0,608.5,22.2,611.0
1,2,160,0.6406,168.291,-112.404,147.748,-111.654,145.647,112.442,51.87,0,0,613.9,20.5,620.2
1,2,170,0.6806,168.204,-112.311,147.137,-111.875,145.417,112.721,51.87,0,0,619.7,18.7,630.3
1,2,180,0.7206,168.109,-112.209,146.464,-112.118,145.163,113.029,51.87,0,0,626.0,16.7,641.6
1,2,190,0.7607,168.005,-112.098,145.727,-112.384,144.886,113.366,51.87,0,0,632.7,14.5,653.9
1,2,200,0.8007,167.892,-111.976,144.926,-112.673,144.584,113.732,51.87,0,0,639.9,12.1,667.4
1,2,210,0.8407,167.769,-111.845,144.059,-112.986,144.258,114.129,51.87,0,0,647.5,9.6,682.1
1,2,220,0.8808,167.637,-111.703,143.126,-113.323,143.906,114.555,51.87,0,0,655.4,6.9,698.0
1,2,230,0.9208,167.496,-111.551,142.126,-113.684,143.529,115.013,51.87,0,0,663.5,4.0,715.0
1,2,240,0.9608,167.345,-111.390,141.058,-114.070,143.127,115.501,51.87,0,0,672.0,0.9,733.3
1,2,250,1.0009,167.184,-111.218,139.924,-114.479,142.700,116.019,51.87,0,0,680.6,-2.3,752.9
1,2,260,1.0409,167.014,-111.035,138.722,-114.913,142.248,116.569,51.87,0,0,689.3,-5.7,773.6
1,2,270,1.0809,166.835,-110.843,137.454,-115.371,141.770,117.149,51.87,0,0,698.1,-9.2,795.7
1,2,280,1.1210,166.646,-110.641,136.119,-115.853,141.267,117.759,51.87,0,0,706.8,-12.8,818.9
1,2,290,1.1610,166.448,-110.428,134.718,-116.359,140.739,118.400,51.87,0,0,715.4,-16.5,843.4
1,2,300,1.2011,166.241,-110.206,133.252,-116.888,140.187,119.070,51.87,0,0,723.8,-20.4,869.1
1,2,310,1.2411,166.024,-109.974,131.722,-117.440,139.611,119.770,51.87,0,0,731.9,-24.2,896.0
1,2,320,1.2811,165.799,-109.732,130.129,-118.016,139.011,120.498,51.87,0,0,739.7,-28.2,924.0
1,2,330,1.3212,165.565,-109.481,128.474,-118.613,138.388,121.255,51.87,0,0,747.0,-32.1,953.1
1,2,340,1.3612,165.322,-109.221,126.759,-119.233,137.742,122.039,51.87,0,0,753.8,-36.0,983.3
1,2,350,1.4012,165.071,-108.952,124.985,-119.873,137.073,122.850,51.87,0,0,759.9,-39.9,1014.5
1,2,360,1.4413,164.812,-108.674,123.153,-120.534,136.384,123.688,51.87,0,0,765.4,-43.7,1046.7
1,2,370,1.4813,164.545,-108.388,121.266,-121.216,135.673,124.551,51.87,0,0,770.0,-47.4,1079.8
1,2,380,1.5213,164.271,-108.094,119.325,-121.917,134.942,125.438,51.87,0,0,773.8,-51.0,1113.7
1,2,390,1.5614,163.989,-107.792,117.332,-122.636,134.191,126.350,51.87,0,0,776.6,-54.4,1148.3
1,2,400,1.6014,163.700,-107.482,115.290,-123.373,133.422,127.283,51.87,0,0,778.4,-57.5,1183.6
1,2,410,1.6414,163.405,-107.165,113.200,-124.128,132.635,128.239,51.87,0,0,779.1,-60.4,1219.4
1,2,420,1.6815,163.103,-106.842,111.066,-124.899,131.831,129.215,51.87,0,0,778.7,-63.1,1255.6
1,2,430,1.7215,162.795,-106.511,108.888,-125.685,131.011,130.210,51.87,0,0,777.1,-65.3,1292.2
1,2,440,1.7615,162.481,-106.175,106.671,-126.486,130.176,131.224,51.87,0,0,774.3,-67.3,1329.0
1,2,450,1.8016,162.162,-105.833,104.415,-127.300,129.326,132.256,51.87,0,0,770.2,-68.8,1366.0
1,2,460,1.8416,161.838,-105.486,102.125,-128.127,128.464,133.303,51.87,0,0,764.9,-69.9,1402.9
1,2,470,1.8816,161.510,-105.134,99.803,-128.965,127.589,134.365,51.87,0,0,758.3,-70.5,1439.7
1,2,480,1.9217,161.177,-104.777,97.450,-129.815,126.703,135.441,51.87,0,0,750.4,-70.6,1476.3
1,2,490,1.9617,160.841,-104.416,95.071,-130.674,125.807,136.528,51.87,0,0,741.2,-70.1,1512.6
1,2,500,2.0018,160.501,-104.052,92.668,-131.541,124.902,137.627,51.87,0,0,730.8,-69.2,1548.4
1,2,510,2.0418,160.158,-103.684,90.245,-132.416,123.989,138.735,51.87,0,0,719.2,-67.6,1583.6
1,2,520,2.0818,159.813,-103.314,87.803,-133.298,123.069,139.852,51.87,0,0,706.4,-65.5,1618.1
1,2,530,2.1219,159.465,-102.942,85.346,-134.185,122.144,140.975,51.87,0,0,692.5,-62.8,1651.8
1,2,540,2.1619,159.116,-102.567,82.876,-135.077,121.214,142.104,51.87,0,0,677.5,-59.4,1684.6
1,2,550,2.2019,158.766,-102.191,80.398,-135.971,120.281,143.238,51.87,0,0,661.4,-55.5,1716.4
1,2,560,2.2420,158.414,-101.815,77.914,-136.868,119.345,144.373,51.87,0,0,644.5,-50.9,1747.2
1,2,570,2.2820,158.062,-101.438,75.427,-137.766,118.408,145.511,51.87,0,0,626.7,-45.7,1776.7
1,2,580,2.3220,157.711,-101.060,72.940,-138.664,117.472,146.648,51.87,0,0,608.0,-40.0,1805.1
1,2,590,2.3621,157.359,-100.684,70.457,-139.561,116.536,147.783,51.87,0,0,588.7,-33.6,1832.2
1,2,600,2.4021,157.009,-100.308,67.979,-140.455,115.603,148.916,51.87,0,0,568.8,-26.7,1857.9
1,2,610,2.4421,156.660,-99.934,65.511,-141.346,114.674,150.045,51.87,0,0,548.4,-19.3,1882.3
1,2,620,2.4822,156.313,-99.562,63.056,-142.233,113.749,151.168,51.87,0,0,527.6,-11.4,1905.3
1,2,630,2.5222,155.968,-99.192,60.616,-143.114,112.830,152.283,51.87,0,0,506.4,-3.0,1926.8
1,2,640,2.5622,155.625,-98.824,58.194,-143.989,111.918,153.391,51.87,0,0,485.0,5.9,1946.9
1,2,650,2.6023,155.286,-98.460,55.793,-144.855,111.014,154.489,51.87,0,0,463.4,15.1,1965.5
1,2,660,2.6423,154.949,-98.100,53.416,-145.713,110.118,155.575,51.87,0,0,441.8,24.7,1982.7
1,2,670,2.6824,154.617,-97.744,51.067,-146.562,109.234,156.649,51.87,0,0,420.2,34.6,1998.4
1,2,680,2.7224,154.289,-97.392,48.748,-147.399,108.360,157.710,51.87,0,0,398.7,44.8,2012.8
1,2,690,2.7624,153.966,-97.045,46.461,-148.225,107.499,158.756,51.87,0,0,377.4,55.2,2025.7
1,2,700,2.8025,153.647,-96.704,44.209,-149.038,106.651,159.785,51.87,0,0,356.4,65.8,2037.4
1,2,710,2.8425,153.334,-96.368,41.995,-149.837,105.817,160.797,51.87,0,0,335.6,76.6,2047.7
1,2,720,2.8825,153.027,-96.039,39.822,-150.622,104.998,161.791,51.87,0,0,315.3,87.4,2056.8
1,2,730,2.9226,152.726,-95.715,37.692,-151.391,104.196,162.765,51.87,0,0,295.4,98.3,2064.7
1,2,740,2.9626,152.431,-95.399,35.607,-152.144,103.411,163.719,51.87,0,0,276.0,109.2,2071.5
1,2,750,3.0026,152.143,-95.090,33.570,-152.879,102.643,164.650,51.87,0,0,257.1,120.0,2077.2
1,2,760,3.0427,151.861,-94.789,31.582,-153.597,101.895,165.559,51.87,0,0,238.8,130.8,2081.8
1,2,770,3.0827,151.588,-94.495,29.646,-154.296,101.166,166.444,51.87,0,0,221.2,141.5,2085.6
1,2,780,3.1227,151.322,-94.210,27.765,-154.975,100.457,167.304,51.87,0,0,204.1,152.0,2088.5
1,2,790,3.1628,151.063,-93.933,25.939,-155.635,99.769,168.139,51.87,0,0,187.7,162.3,2090.6
1,2,800,3.2028,150.813,-93.665,24.170,-156.273,99.103,168.948,51.87,0,0,172.0,172.4,2091.9
1,2,810,3.2428,150.571,-93.406,22.461,-156.890,98.459,169.730,51.87,0,0,157.0,182.3,2092.6
1,2,820,3.2829,150.338,-93.156,20.812,-157.486,97.839,170.484,51.87,0,0,142.6,191.9,2092.7
1,2,830,3.3229,150.114,-92.915,19.225,-158.059,97.241,171.209,51.87,0,0,129.0,201.2,2092.3
1,2,840,3.3629,149.898,-92.684,17.702,-158.609,96.667,171.906,51.87,0,0,116.0,210.2,2091.4
1,2,850,3.4030,149.692,-92.463,16.242,-159.136,96.117,172.573,51.87,0,0,103.8,218.9,2090.2
1,2,860,3.4430,149.495,-92.251,14.848,-159.639,95.592,173.211,51.87,0,0,92.3,227.2,2088.6
1,2,870,3.4831,149.307,-92.050,13.520,-160.119,95.092,173.818,51.87,0,0,81.4,235.2,2086.7
1,2,880,3.5231,149.128,-91.859,12.258,-160.574,94.617,174.395,51.87,0,0,71.2,242.7,2084.6
1,2,890,3.5631,148.959,-91.678,11.063,-161.006,94.167,174.941,51.87,0,0,61.7,249.9,2082.3
1,2,900,3.6032,148.800,-91.507,9.935,-161.413,93.742,175.457,51.87,0,0,52.8,256.7,2079.9
1,2,910,3.6432,148.650,-91.346,8.875,-161.796,93.342,175.942,51.87,0,0,44.5,263.1,2077.5
1,2,920,3.6832,148.509,-91.195,7.881,-162.154,92.968,176.396,51.87,0,0,36.9,269.1,2075.0
1,2,930,3.7233,148.378,-91.055,6.955,-162.489,92.619,176.820,51.87,0,0,29.8,274.7,2072.5
1,2,940,3.7633,148.257,-90.924,6.094,-162.800,92.295,177.213,51.87,0,0,23.4,279.9,2070.1
1,2,950,3.8033,148.144,-90.804,5.299,-163.087,91.996,177.577,51.87,0,0,17.4,284.7,2067.7
1,2,960,3.8434,148.041,-90.693,4.569,-163.350,91.721,177.911,51.87,0,0,12.0,289.1,2065.5
1,2,970,3.8834,147.947,-90.592,3.903,-163.591,91.470,178.216,51.87,0,0,7.2,293.1,2063.3
1,2,980,3.9234,147.861,-90.500,3.298,-163.809,91.242,178.492,51.87,0,0,2.8,296.8,2061.3
1,2,990,3.9635,147.784,-90.418,2.754,-164.006,91.037,178.741,51.87,0,0,-1.1,300.1,2059.4
1,2,1000,4.0035,147.716,-90.344,2.268,-164.181,90.854,178.963,51.87,0,0,-4.6,303.0,2057.7
1,2,1010,4.0435,147.655,-90.279,1.839,-164.336,90.693,179.159,51.87,0,0,-7.7,305.6,2056.1
1,2,1020,4.0836,147.602,-90.222,1.464,-164.471,90.552,179.330,51.87,0,0,-10.3,307.8,2054.7
1,2,1030,4.1236,147.556,-90.173,1.141,-164.588,90.430,179.478,51.87,0,0,-12.6,309.8,2053.5
1,2,1040,4.1636,147.517,-90.132,0.867,-164.687,90.327,179.603,51.87,0,0,-14.5,311.4,2052.5
1,2,1050,4.2037,147.485,-90.097,0.639,-164.769,90.241,179.708,51.87,0,0,-16.1,312.8,2051.6
1,2,1060,4.2437,147.459,-90.069,0.453,-164.836,90.171,179.793,51.87,0,0,-17.4,313.9,2050.9
1,2,1070,4.2838,147.438,-90.046,0.306,-164.889,90.115,179.860,51.87,0,0,-18.4,314.8,2050.3
1,2,1080,4.3238,147.422,-90.029,0.194,-164.930,90.073,179.911,51.87,0,0,-19.2,315.5,2049.9
1,2,1090,4.3638,147.411,-90.017,0.113,-164.959,90.042,179.948,51.87,0,0,-19.7,316.0,2049.6
1,2,1100,4.4039,147.403,-90.009,0.058,-164.979,90.022,179.974,51.87,0,0,-20.1,316.3,2049.3
1,2,1110,4.4439,147.398,-90.004,0.024,-164.991,90.009,179.989,51.87,0,0,-20.3,316.5,2049.2
1,2,1120,4.4839,147.396,-90.001,0.007,-164.998,90.003,179.997,51.87,0,0,-20.5,316.6,2049.1
1,2,1130,4.5240,147.395,-90.000,0.001,-165.000,90.000,180.000,51.87,0,0,-20.5,316.7,2049.1
1,2,1139,4.5600,147.395,-90.000,0.000,-165.000,90.000,180.000,51.87,0,0,-20.5,316.7,2049.1
1,3,0,0.0000,147.395,-90.000,0.000,-165.000,90.000,180.000,51.87,0,0,-20.5,316.7,2049.1
1,3,10,0.0400,147.394,-90.000,-0.001,-165.000,90.000,180.000,51.87,0,0,-20.5,316.7,2049.1
1,3,20,0.0801,147.393,-90.000,-0.009,-164.999,90.003,180.001,51.87,0,0,-20.6,316.7,2049.1
1,3,30,0.1201,147.389,-90.001,-0.030,-164.995,90.010,180.002,51.87,0,0,-20.9,316.9,2049.0
1,3,40,0.1601,147.381,-90.002,-0.070,-164.989,90.023,180.006,51.87,0,0,-21.4,317.2,2048.9
1,3,50,0.2002,147.367,-90.003,-0.135,-164.978,90.045,180.011,51.87,0,0,-22.2,317.7,2048.7
1,3,60,0.2402,147.348,-90.005,-0.229,-164.962,90.076,180.018,51.87,0,0,-23.4,318.5,2048.5
1,3,70,0.2802,147.322,-90.008,-0.358,-164.941,90.119,180.028,51.87,0,0,-25.0,319.5,2048.1
1,3,80,0.3202,147.288,-90.012,-0.526,-164.914,90.175,180.042,51.87,0,0,-27.1,320.8,2047.6
1,3,90,0.3603,147.246,-90.017,-0.737,-164.879,90.245,180.059,51.87,0,0,-29.8,322.5,2047.0
1,3,100,0.4003,147.194,-90.022,-0.994,-164.837,90.331,180.079,51.87,0,0,-33.0,324.6,2046.2
1,3,110,0.4403,147.131,-90.029,-1.301,-164.787,90.433,180.103,51.87,0,0,-36.9,327.0,2045.2
1,3,120,0.4804,147.059,-90.037,-1.661,-164.728,90.553,180.132,51.87,0,0,-41.4,329.9,2044.1
1,3,130,0.5204,146.975,-90.047,-2.076,-164.660,90.691,180.165,51.87,0,0,-46.5,333.3,2042.7
1,3,140,0.5604,146.879,-90.057,-2.548,-164.583,90.849,180.202,51.87,0,0,-52.4,337.1,2041.0
1,3,150,0.6005,146.771,-90.069,-3.080,-164.495,91.026,180.245,51.87,0,0,-59.0,341.4,2039.1
1,3,160,0.6405,146.651,-90.082,-3.674,-164.398,91.224,180.292,51.87,0,0,-66.3,346.3,2036.9
1,3,170,0.6805,146.518,-90.097,-4.330,-164.291,91.442,180.344,51.87,0,0,-74.3,351.6,2034.3
1,3,180,0.7206,146.373,-90.113,-5.049,-164.173,91.682,180.401,51.87,0,0,-83.0,357.6,2031.4
1,3,190,0.7606,146.214,-90.131,-5.833,-164.045,91.943,180.463,51.87,0,0,-92.5,364.0,2028.0
1,3,200,0.8006,146.042,-90.150,-6.682,-163.905,92.226,180.531,51.87,0,0,-102.6,371.1,2024.2
1,3,210,0.8406,145.857,-90.170,-7.596,-163.756,92.530,180.603,51.87,0,0,-113.5,378.7,2019.8
1,3,220,0.8807,145.659,-90.192,-8.575,-163.595,92.856,180.681,51.87,0,0,-125.0,386.9,2014.9
1,3,230,0.9207,145.447,-90.216,-9.619,-163.424,93.204,180.764,51.87,0,0,-137.1,395.7,2009.4
1,3,240,0.9607,145.223,-90.241,-10.727,-163.243,93.573,180.852,51.87,0,0,-149.8,405.1,2003.2
1,3,250,1.0008,144.986,-90.267,-11.899,-163.051,93.964,180.945,51.87,0,0,-163.1,415.1,1996.3
1,3,260,1.0408,144.736,-90.295,-13.134,-162.849,94.375,181.043,51.87,0,0,-176.9,425.7,1988.7
1,3,270,1.0808,144.474,-90.324,-14.430,-162.636,94.807,181.146,51.87,0,0,-191.1,436.8,1980.3
1,3,280,1.1209,144.199,-90.354,-15.786,-162.414,95.258,181.254,51.87,0,0,-205.7,448.4,1971.0
1,3,290,1.1609,143.913,-90.386,-17.201,-162.182,95.730,181.366,51.87,0,0,-220.6,460.6,1960.8
1,3,300,1.2009,143.615,-90.419,-18.673,-161.941,96.220,181.483,51.87,0,0,-235.8,473.3,1949.6
1,3,310,1.2410,143.305,-90.453,-20.200,-161.691,96.729,181.605,51.87,0,0,-251.2,486.4,1937.5
1,3,320,1.2810,142.986,-90.489,-21.780,-161.432,97.255,181.730,51.87,0,0,-266.7,500.1,1924.4
1,3,330,1.3210,142.656,-90.525,-23.410,-161.165,97.798,181.860,51.87,0,0,-282.3,514.1,1910.2
1,3,340,1.3610,142.316,-90.563,-25.089,-160.890,98.357,181.993,51.87,0,0,-297.8,528.4,1894.9
1,3,350,1.4011,141.967,-90.602,-26.814,-160.608,98.932,182.130,51.87,0,0,-313.2,543.1,1878.5
1,3,360,1.4411,141.609,-90.641,-28.582,-160.318,99.520,182.270,51.87,0,0,-328.5,558.1,1861.0
1,3,370,1.4811,141.243,-90.682,-30.390,-160.022,100.123,182.414,51.87,0,0,-343.4,573.3,1842.4
1,3,380,1.5212,140.869,-90.723,-32.236,-159.720,100.738,182.561,51.87,0,0,-358.0,588.6,1822.7
1,3,390,1.5612,140.488,-90.765,-34.116,-159.412,101.364,182.710,51.87,0,0,-372.2,604.1,1801.9
1,3,400,1.6012,140.101,-90.808,-36.028,-159.099,102.001,182.862,51.87,0,0,-385.9,619.5,1779.9
1,3,410,1.6413,139.708,-90.852,-37.968,-158.781,102.647,183.016,51.87,0,0,-399.1,634.9,1756.9
1,3,420,1.6813,139.311,-90.896,-39.934,-158.459,103.302,183.172,51.87,0,0,-411.5,650.3,1732.9
1,3,430,1.7213,138.908,-90.940,-41.921,-158.133,103.964,183.330,51.87,0,0,-423.4,665.4,1707.8
1,3,440,1.7614,138.502,-90.985,-43.927,-157.805,104.632,183.489,51.87,0,0,-434.4,680.3,1681.9
1,3,450,1.8014,138.093,-91.031,-45.948,-157.474,105.305,183.650,51.87,0,0,-444.7,694.9,1655.0
1,3,460,1.8414,137.682,-91.076,-47.980,-157.141,105.982,183.811,51.87,0,0,-454.1,709.2,1627.3
1,3,470,1.8815,137.269,-91.122,-50.021,-156.806,106.662,183.973,51.87,0,0,-462.6,723.0,1598.9
1,3,480,1.9215,136.854,-91.168,-52.067,-156.471,107.343,184.136,51.87,0,0,-470.3,736.3,1569.8
1,3,490,1.9615,136.440,-91.214,-54.113,-156.136,108.025,184.299,51.87,0,0,-477.0,749.0,1540.1
1,3,500,2.0015,136.026,-91.260,-56.158,-155.801,108.706,184.461,51.87,0,0,-482.8,761.2,1509.9
1,3,510,2.0416,135.614,-91.306,-58.197,-155.467,109.385,184.623,51.87,0,0,-487.6,772.6,1479.3
1,3,520,2.0816,135.203,-91.351,-60.226,-155.135,110.061,184.784,51.87,0,0,-491.5,783.4,1448.3
1,3,530,2.1216,134.794,-91.396,-62.243,-154.805,110.733,184.944,51.87,0,0,-494.5,793.4,1417.2
1,3,540,2.1617,134.389,-91.441,-64.243,-154.477,111.399,185.103,51.87,0,0,-496.6,802.7,1386.0
1,3,550,2.2017,133.988,-91.486,-66.224,-154.152,112.059,185.261,51.87,0,0,-497.8,811.1,1354.7
1,3,560,2.2417,133.592,-91.530,-68.183,-153.832,112.711,185.416,51.87,0,0,-498.2,818.8,1323.5
1,3,570,2.2818,133.201,-91.573,-70.115,-153.515,113.355,185.570,51.87,0,0,-497.7,825.6,1292.5
1,3,580,2.3218,132.816,-91.616,-72.018,-153.203,113.989,185.721,51.87,0,0,-496.5,831.7,1261.8
1,3,590,2.3618,132.437,-91.658,-73.888,-152.897,114.612,185.869,51.87,0,0,-494.6,836.9,1231.4
1,3,600,2.4019,132.066,-91.699,-75.723,-152.596,115.223,186.015,51.87,0,0,-492.0,841.3,1201.5
1,3,610,2.4419,131.702,-91.739,-77.519,-152.302,115.821,186.158,51.87,0,0,-488.8,844.9,1172.1
1,3,620,2.4819,131.347,-91.779,-79.274,-152.015,116.406,186.297,51.87,0,0,-485.1,847.8,1143.4
1,3,630,2.5219,131.000,-91.817,-80.986,-151.734,116.976,186.433,51.87,0,0,-480.9,849.9,1115.4
1,3,640,2.5620,130.663,-91.854,-82.650,-151.462,117.530,186.565,51.87,0,0,-476.2,851.4,1088.1
1,3,650,2.6020,130.336,-91.890,-84.266,-151.197,118.069,186.694,51.87,0,0,-471.2,852.2,1061.6
1,3,660,2.6420,130.019,-91.926,-85.830,-150.941,118.590,186.818,51.87,0,0,-465.9,852.5,1036.1
1,3,670,2.6821,129.714,-91.959,-87.340,-150.693,119.093,186.938,51.87,0,0,-460.4,852.1,1011.4
1,3,680,2.7221,129.419,-91.992,-88.795,-150.455,119.577,187.054,51.87,0,0,-454.7,851.3,987.8
1,3,690,2.7621,129.136,-92.023,-90.193,-150.226,120.043,187.165,51.87,0,0,-448.9,850.1,965.1
1,3,700,2.8022,128.865,-92.053,-91.531,-150.007,120.489,187.271,51.87,0,0,-443.0,848.4,943.5
1,3,710,2.8422,128.607,-92.082,-92.809,-149.798,120.914,187.372,51.87,0,0,-437.1,846.5,923.0
1,3,720,2.8822,128.360,-92.109,-94.025,-149.599,121.319,187.469,51.87,0,0,-431.3,844.2,903.6
1,3,730,2.9223,128.127,-92.135,-95.178,-149.410,121.703,187.561,51.87,0,0,-425.5,841.8,885.2
1,3,740,2.9623,127.907,-92.160,-96.267,-149.231,122.066,187.647,51.87,0,0,-419.9,839.2,868.0
1,3,750,3.0023,127.699,-92.183,-97.292,-149.063,122.407,187.728,51.87,0,0,-414.4,836.5,851.8
1,3,760,3.0423,127.505,-92.204,-98.251,-148.906,122.727,187.805,51.87,0,0,-409.2,833.7,836.8
1,3,770,3.0824,127.324,-92.224,-99.146,-148.760,123.025,187.876,51.87,0,0,-404.1,830.9,822.8
1,3,780,3.1224,127.156,-92.243,-99.975,-148.624,123.301,187.942,51.87,0,0,-399.4,828.1,809.9
1,3,790,3.1624,127.001,-92.260,-100.740,-148.499,123.556,188.002,51.87,0,0,-394.9,825.4,798.1
1,3,800,3.2025,126.859,-92.276,-101.440,-148.384,123.789,188.058,51.87,0,0,-390.8,822.8,787.4
1,3,810,3.2425,126.730,-92.290,-102.077,-148.280,124.001,188.109,51.87,0,0,-386.9,820.3,777.6
1,3,820,3.2825,126.614,-92.303,-102.652,-148.185,124.193,188.154,51.87,0,0,-383.4,818.0,768.9
1,3,830,3.3226,126.510,-92.315,-103.166,-148.101,124.364,188.195,51.87,0,0,-380.3,815.9,761.1
1,3,840,3.3626,126.418,-92.325,-103.621,-148.027,124.516,188.231,51.87,0,0,-377.4,813.9,754.2
1,3,850,3.4026,126.337,-92.334,-104.019,-147.961,124.648,188.263,51.87,0,0,-374.9,812.2,748.2
1,3,860,3.4427,126.268,-92.341,-104.363,-147.905,124.763,188.290,51.87,0,0,-372.7,810.6,743.0
1,3,870,3.4827,126.209,-92.348,-104.655,-147.857,124.860,188.313,51.87,0,0,-370.9,809.3,738.6
1,3,880,3.5227,126.159,-92.353,-104.897,-147.818,124.941,188.333,51.87,0,0,-369.3,808.2,735.0
1,3,890,3.5627,126.119,-92.358,-105.095,-147.785,125.007,188.348,51.87,0,0,-368.1,807.2,732.0
1,3,900,3.6028,126.088,-92.361,-105.251,-147.760,125.059,188.361,51.87,0,0,-367.0,806.5,729.7
1,3,910,3.6428,126.064,-92.364,-105.369,-147.740,125.098,188.370,51.87,0,0,-366.3,805.9,727.9
1,3,920,3.6828,126.047,-92.366,-105.454,-147.727,125.126,188.377,51.87,0,0,-365.7,805.5,726.7
1,3,930,3.7229,126.035,-92.367,-105.510,-147.717,125.145,188.381,51.87,0,0,-365.4,805.3,725.8
1,3,940,3.7629,126.029,-92.368,-105.544,-147.712,125.156,188.384,51.87,0,0,-365.1,805.1,725.3
1,3,950,3.8029,126.025,-92.368,-105.561,-147.709,125.162,188.385,51.87,0,0,-365.0,805.0,725.1
1,3,960,3.8430,126.024,-92.368,-105.566,-147.708,125.164,188.386,51.87,0,0,-365.0,805.0,725.0
1,3,967,3.8710,126.024,-92.368,-105.566,-147.708,125.164,188.386,51.87,0,0,-365.0,805.0,725.0
1,4,0,0.0000,126.024,-92.368,-105.566,-147.708,125.164,188.386,51.87,0,0,-365.0,805.0,725.0
1,4,10,0.0401,126.024,-92.369,-105.567,-147.706,125.164,188.386,51.87,0,0,-365.0,805.0,725.0
1,4,20,0.0801,126.024,-92.375,-105.574,-147.694,125.164,188.386,51.87,0,0,-365.0,805.0,724.8
1,4,30,0.1202,126.024,-92.391,-105.590,-147.661,125.164,188.386,51.87,0,0,-365.1,805.1,724.2
1,4,40,0.1602,126.024,-92.421,-105.622,-147.600,125.164,188.386,51.87,0,0,-365.2,805.2,723.3
1,4,50,0.2003,126.024,-92.468,-105.671,-147.504,125.164,188.386,51.87,0,0,-365.3,805.4,721.7
1,4,60,0.2403,126.024,-92.535,-105.741,-147.367,125.164,188.386,51.87,0,0,-365.5,805.7,719.6
1,4,70,0.2804,126.024,-92.623,-105.834,-147.186,125.164,188.386,51.87,0,0,-365.8,806.1,716.7
1,4,80,0.3204,126.024,-92.735,-105.952,-146.956,125.164,188.386,51.87,0,0,-366.1,806.5,713.0
1,4,90,0.3605,126.024,-92.871,-106.095,-146.676,125.164,188.386,51.87,0,0,-366.5,807.0,708.6
1,4,100,0.4005,126.024,-93.033,-106.265,-146.345,125.164,188.386,51.87,0,0,-366.9,807.7,703.3
1,4,110,0.4406,126.024,-93.220,-106.461,-145.961,125.164,188.386,51.87,0,0,-367.4,808.3,697.2
1,4,120,0.4806,126.024,-93.432,-106.684,-145.527,125.164,188.386,51.87,0,0,-367.9,809.0,690.3
1,4,130,0.5207,126.024,-93.668,-106.932,-145.042,125.164,188.386,51.87,0,0,-368.5,809.8,682.6
1,4,140,0.5607,126.024,-93.927,-107.205,-144.510,125.164,188.386,51.87,0,0,-369.0,810.6,674.1
1,4,150,0.6008,126.024,-94.209,-107.501,-143.933,125.164,188.386,51.87,0,0,-369.6,811.3,665.0
1,4,160,0.6408,126.024,-94.511,-107.818,-143.313,125.164,188.386,51.87,0,0,-370.1,812.1,655.2
1,4,170,0.6809,126.024,-94.831,-108.155,-142.656,125.164,188.386,51.87,0,0,-370.6,812.8,644.8
1,4,180,0.7209,126.024,-95.168,-108.509,-141.966,125.164,188.386,51.87,0,0,-371.1,813.4,633.9
1,4,190,0.7610,126.024,-95.519,-108.878,-141.246,125.164,188.386,51.87,0,0,-371.5,813.9,622.6
1,4,200,0.8010,126.024,-95.881,-109.259,-140.503,125.164,188.386,51.87,0,0,-371.8,814.4,611.0
1,4,210,0.8411,126.024,-96.253,-109.649,-139.741,125.164,188.386,51.87,0,0,-372.1,814.7,599.1
1,4,220,0.8812,126.024,-96.630,-110.046,-138.966,125.164,188.386,51.87,0,0,-372.2,814.9,587.0
1,4,230,0.9212,126.024,-97.012,-110.447,-138.184,125.164,188.386,51.87,0,0,-372.3,815.0,574.8
1,4,240,0.9613,126.024,-97.394,-110.849,-137.400,125.164,188.386,51.87,0,0,-372.2,814.9,562.7
1,4,250,1.0013,126.024,-97.773,-111.248,-136.621,125.164,188.386,51.87,0,0,-372.1,814.8,550.7
1,4,260,1.0414,126.024,-98.148,-111.642,-135.852,125.164,188.386,51.87,0,0,-371.9,814.5,538.8
1,4,270,1.0814,126.024,-98.516,-112.028,-135.099,125.164,188.386,51.87,0,0,-371.6,814.0,527.3
1,4,280,1.1215,126.024,-98.873,-112.403,-134.367,125.164,188.386,51.87,0,0,-371.2,813.5,516.1
1,4,290,1.1615,126.024,-99.217,-112.765,-133.661,125.164,188.386,51.87,0,0,-370.8,812.9,505.4
1,4,300,1.2016,126.024,-99.545,-113.111,-132.986,125.164,188.386,51.87,0,0,-370.3,812.3,495.2
1,4,310,1.2416,126.024,-99.857,-113.438,-132.348,125.164,188.386,51.87,0,0,-369.8,811.5,485.6
1,4,320,1.2817,126.024,-100.149,-113.745,-131.749,125.164,188.386,51.87,0,0,-369.2,810.8,476.6
1,4,330,1.3217,126.024,-100.419,-114.030,-131.194,125.164,188.386,51.87,0,0,-368.7,810.0,468.3
1,4,340,1.3618,126.024,-100.667,-114.290,-130.685,125.164,188.386,51.87,0,0,-368.1,809.3,460.7
1,4,350,1.4018,126.024,-100.892,-114.526,-130.225,125.164,188.386,51.87,0,0,-367.6,808.6,453.8
1,4,360,1.4419,126.024,-101.091,-114.735,-129.816,125.164,188.386,51.87,0,0,-367.1,807.9,447.8
1,4,370,1.4819,126.024,-101.265,-114.919,-129.459,125.164,188.386,51.87,0,0,-366.6,807.3,442.5
1,4,380,1.5220,126.024,-101.414,-115.075,-129.153,125.164,188.386,51.87,0,0,-366.2,806.7,438.0
1,4,390,1.5620,126.024,-101.538,-115.206,-128.899,125.164,188.386,51.87,0,0,-365.9,806.2,434.3
1,4,400,1.6021,126.024,-101.638,-115.311,-128.694,125.164,188.386,51.87,0,0,-365.6,805.8,431.2
1,4,410,1.6422,126.024,-101.716,-115.392,-128.535,125.164,188.386,51.87,0,0,-365.4,805.5,428.9
1,4,420,1.6822,126.024,-101.772,-115.451,-128.419,125.164,188.386,51.87,0,0,-365.2,805.3,427.2
1,4,430,1.7223,126.024,-101.810,-115.491,-128.341,125.164,188.386,51.87,0,0,-365.1,805.1,426.1
1,4,440,1.7623,126.024,-101.832,-115.515,-128.295,125.164,188.386,51.87,0,0,-365.0,805.1,425.4
1,4,450,1.8024,126.024,-101.843,-115.526,-128.274,125.164,188.386,51.87,0,0,-365.0,805.0,425.1
1,4,460,1.8424,126.024,-101.846,-115.529,-128.268,125.164,188.386,51.87,0,0,-365.0,805.0,425.0
1,4,465,1.8624,126.024,-101.846,-115.529,-128.268,125.164,188.386,51.87,0,0,-365.0,805.0,425.0
1,5,0,0.0000,126.024,-101.846,-115.529,-128.268,125.164,188.386,51.87,0,0,-365.0,805.0,425.0
1,5,10,0.0401,126.024,-101.845,-115.528,-128.269,125.164,188.386,51.87,0,0,-365.0,805.0,425.0
1,5,20,0.0801,126.024,-101.839,-115.522,-128.282,125.164,188.386,51.87,0,0,-365.0,805.0,425.2
1,5,30,0.1202,126.024,-101.823,-115.505,-128.315,125.164,188.386,51.87,0,0,-365.1,805.1,425.7
1,5,40,0.1602,126.024,-101.793,-115.474,-128.376,125.164,188.386,51.87,0,0,-365.2,805.2,426.6
1,5,50,0.2003,126.024,-101.746,-115.424,-128.472,125.164,188.386,51.87,0,0,-365.3,805.4,428.0
1,5,60,0.2403,126.024,-101.680,-115.354,-128.609,125.164,188.386,51.87,0,0,-365.5,805.7,430.0
1,5,70,0.2804,126.024,-101.591,-115.261,-128.790,125.164,188.386,51.87,0,0,-365.7,806.0,432.7
1,5,80,0.3204,126.024,-101.479,-115.144,-129.020,125.164,188.386,51.87,0,0,-366.1,806.5,436.0
1,5,90,0.3605,126.024,-101.343,-115.000,-129.300,125.164,188.386,51.87,0,0,-366.4,807.0,440.2
1,5,100,0.4005,126.024,-101.181,-114.830,-129.631,125.164,188.386,51.87,0,0,-366.9,807.6,445.0
1,5,110,0.4406,126.024,-100.994,-114.634,-130.014,125.164,188.386,51.87,0,0,-367.3,808.2,450.7
1,5,120,0.4806,126.024,-100.782,-114.411,-130.449,125.164,188.386,51.87,0,0,-367.8,808.9,457.2
1,5,130,0.5207,126.024,-100.546,-114.163,-130.933,125.164,188.386,51.87,0,0,-368.4,809.6,464.4
1,5,140,0.5607,126.024,-100.287,-113.890,-131.466,125.164,188.386,51.87,0,0,-368.9,810.4,472.3
1,5,150,0.6008,126.024,-100.005,-113.594,-132.043,125.164,188.386,51.87,0,0,-369.5,811.2,481.0
1,5,160,0.6408,126.024,-99.703,-113.277,-132.662,125.164,188.386,51.87,0,0,-370.0,811.9,490.3
1,5,170,0.6809,126.024,-99.383,-112.940,-133.319,125.164,188.386,51.87,0,0,-370.5,812.6,500.2
1,5,180,0.7209,126.024,-99.046,-112.586,-134.010,125.164,188.386,51.87,0,0,-371.0,813.2,510.7
1,5,190,0.7610,126.024,-98.695,-112.217,-134.730,125.164,188.386,51.87,0,0,-371.4,813.8,521.7
1,5,200,0.8010,126.024,-98.333,-111.836,-135.473,125.164,188.386,51.87,0,0,-371.7,814.3,533.0
1,5,210,0.8411,126.024,-97.962,-111.446,-136.235,125.164,188.386,51.87,0,0,-372.0,814.6,544.7
1,5,220,0.8812,126.024,-97.584,-111.049,-137.010,125.164,188.386,51.87,0,0,-372.2,814.9,556.7
1,5,230,0.9212,126.024,-97.203,-110.648,-137.792,125.164,188.386,51.87,0,0,-372.3,815.0,568.7
1,5,240,0.9613,126.024,-96.821,-110.247,-138.575,125.164,188.386,51.87,0,0,-372.2,815.0,580.9
1,5,250,1.0013,126.024,-96.441,-109.847,-139.354,125.164,188.386,51.87,0,0,-372.1,814.8,593.0
1,5,260,1.0414,126.024,-96.066,-109.453,-140.124,125.164,188.386,51.87,0,0,-371.9,814.6,605.0
1,5,270,1.0814,126.024,-95.699,-109.067,-140.877,125.164,188.386,51.87,0,0,-371.7,814.2,616.8
1,5,280,1.1215,126.024,-95.342,-108.692,-141.609,125.164,188.386,51.87,0,0,-371.3,813.7,628.3
1,5,290,1.1615,126.024,-94.998,-108.330,-142.315,125.164,188.386,51.87,0,0,-370.9,813.1,639.4
1,5,300,1.2016,126.024,-94.669,-107.984,-142.989,125.164,188.386,51.87,0,0,-370.4,812.4,650.1
1,5,310,1.2416,126.024,-94.357,-107.657,-143.628,125.164,188.386,51.87,0,0,-369.9,811.7,660.2
1,5,320,1.2817,126.024,-94.066,-107.350,-144.227,125.164,188.386,51.87,0,0,-369.3,811.0,669.6
1,5,330,1.3217,126.024,-93.795,-107.066,-144.782,125.164,188.386,51.87,0,0,-368.8,810.2,678.4
1,5,340,1.3618,126.024,-93.547,-106.805,-145.291,125.164,188.386,51.87,0,0,-368.2,809.4,686.5
1,5,350,1.4018,126.024,-93.323,-106.569,-145.750,125.164,188.386,51.87,0,0,-367.7,808.7,693.8
1,5,360,1.4419,126.024,-93.123,-106.360,-146.159,125.164,188.386,51.87,0,0,-367.2,808.0,700.3
1,5,370,1.4819,126.024,-92.949,-106.177,-146.517,125.164,188.386,51.87,0,0,-366.7,807.3,706.0
1,5,380,1.5220,126.024,-92.800,-106.020,-146.822,125.164,188.386,51.87,0,0,-366.3,806.8,710.9
1,5,390,1.5620,126.024,-92.676,-105.890,-147.077,125.164,188.386,51.87,0,0,-365.9,806.3,714.9
1,5,400,1.6021,126.024,-92.576,-105.784,-147.282,125.164,188.386,51.87,0,0,-365.6,805.9,718.2
1,5,410,1.6422,126.024,-92.499,-105.703,-147.441,125.164,188.386,51.87,0,0,-365.4,805.6,720.7
1,5,420,1.6822,126.024,-92.442,-105.644,-147.556,125.164,188.386,51.87,0,0,-365.2,805.3,722.6
1,5,430,1.7223,126.024,-92.404,-105.604,-147.634,125.164,188.386,51.87,0,0,-365.1,805.2,723.8
1,5,440,1.7623,126.024,-92.382,-105.580,-147.680,125.164,188.386,51.87,0,0,-365.0,805.1,724.6
1,5,450,1.8024,126.024,-92.371,-105.569,-147.702,125.164,188.386,51.87,0,0,-365.0,805.0,724.9
1,5,460,1.8424,126.024,-92.368,-105.566,-147.708,125.164,188.386,51.87,0,0,-365.0,805.0,725.0
1,5,465,1.8624,126.024,-92.368,-105.566,-147.708,125.164,188.386,51.87,0,0,-365.0,805.0,725.0
1,6,0,0.0000,126.024,-92.368,-105.566,-147.708,125.164,188.386,656.55,0,0,-365.0,805.0,725.0
1,6,10,0.0400,126.024,-92.369,-105.564,-147.708,125.164,188.385,656.56,0,0,-365.0,805.0,725.0
1,6,20,0.0801,126.027,-92.370,-105.547,-147.705,125.165,188.380,656.62,0,0,-365.2,805.1,725.3
1,6,30,0.1201,126.035,-92.374,-105.501,-147.699,125.169,188.366,656.77,0,0,-365.5,805.4,725.9
1,6,40,0.1601,126.049,-92.381,-105.414,-147.686,125.177,188.340,657.07,0,0,-366.2,806.0,727.0
1,6,50,0.2002,126.073,-92.392,-105.273,-147.666,125.188,188.297,657.54,0,0,-367.3,806.9,728.8
1,6,60,0.2402,126.107,-92.408,-105.068,-147.636,125.206,188.235,658.23,0,0,-369.0,808.2,731.6
1,6,70,0.2802,126.154,-92.431,-104.787,-147.595,125.230,188.151,659.15,0,0,-371.2,809.9,735.3
1,6,80,0.3202,126.215,-92.460,-104.421,-147.542,125.261,188.040,660.31,0,0,-374.1,812.2,740.1
1,6,90,0.3603,126.291,-92.497,-103.962,-147.475,125.300,187.901,661.72,0,0,-377.7,815.1,746.2
1,6,100,0.4003,126.385,-92.542,-103.400,-147.394,125.347,187.732,663.36,0,0,-382.1,818.4,753.7
1,6,110,0.4403,126.497,-92.595,-102.729,-147.296,125.404,187.529,665.21,0,0,-387.3,822.4,762.7
1,6,120,0.4804,126.628,-92.658,-101.942,-147.182,125.471,187.292,667.23,0,0,-393.4,826.9,773.4
1,6,130,0.5204,126.779,-92.731,-101.033,-147.050,125.548,187.017,669.35,0,0,-400.3,832.0,785.8
1,6,140,0.5604,126.951,-92.814,-99.997,-146.899,125.636,186.705,671.49,0,0,-408.1,837.6,800.1
1,6,150,0.6005,127.146,-92.908,-98.829,-146.730,125.735,186.352,673.55,0,0,-416.8,843.6,816.3
1,6,160,0.6405,127.363,-93.012,-97.525,-146.541,125.845,185.958,675.41,0,0,-426.3,849.9,834.6
1,6,170,0.6805,127.603,-93.127,-96.082,-146.331,125.967,185.523,676.93,0,0,-436.6,856.5,855.1
1,6,180,0.7205,127.867,-93.254,-94.497,-146.101,126.101,185.045,677.93,0,0,-447.7,863.2,877.9
1,6,190,0.7606,128.155,-93.393,-92.769,-145.850,126.248,184.523,678.24,0,0,-459.4,870.0,903.0
1,6,200,0.8006,128.467,-93.543,-90.895,-145.578,126.407,183.957,678.05,0,0,-471.8,876.5,930.5
1,6,210,0.8406,128.803,-93.704,-88.875,-145.285,126.578,183.347,677.83,0,0,-484.5,882.7,960.6
1,6,220,0.8807,129.164,-93.878,-86.709,-144.970,126.761,182.693,677.60,0,0,-497.7,888.4,993.1
1,6,230,0.9207,129.549,-94.063,-84.395,-144.634,126.957,181.995,677.35,0,0,-511.0,893.3,1028.3
1,6,240,0.9607,129.959,-94.260,-81.936,-144.277,127.166,181.253,677.09,0,0,-524.2,897.3,1066.0
1,6,250,1.0008,130.393,-94.468,-79.332,-143.899,127.386,180.467,676.82,0,0,-537.3,900.1,1106.3
1,6,260,1.0408,130.850,-94.688,-76.585,-143.500,127.619,179.638,676.53,0,0,-550.0,901.5,1149.1
1,6,270,1.0808,131.331,-94.919,-73.697,-143.081,127.864,178.766,676.23,0,0,-562.0,901.2,1194.3
1,6,280,1.1209,131.835,-95.161,-70.671,-142.642,128.120,177.852,675.91,0,0,-573.1,899.0,1241.8
1,6,290,1.1609,132.362,-95.415,-67.509,-142.183,128.388,176.898,675.59,0,0,-582.9,894.8,1291.6
1,6,300,1.2009,132.910,-95.678,-64.214,-141.704,128.667,175.903,675.25,0,0,-591.3,888.2,1343.3
1,6,310,1.2409,133.480,-95.952,-60.791,-141.207,128.957,174.870,674.90,0,0,-597.9,879.2,1396.7
1,6,320,1.2810,134.071,-96.236,-57.243,-140.692,129.258,173.799,674.54,0,0,-602.3,867.4,1451.7
1,6,330,1.3210,134.682,-96.530,-53.575,-140.160,129.569,172.692,674.17,0,0,-604.3,852.9,1507.8
1,6,340,1.3610,135.312,-96.833,-49.791,-139.610,129.889,171.550,673.79,0,0,-603.6,835.4,1564.7
1,6,350,1.4011,135.960,-97.144,-45.898,-139.045,130.219,170.374,673.41,0,0,-599.9,815.0,1622.0
1,6,360,1.4411,136.626,-97.464,-41.899,-138.464,130.558,169.167,673.02,0,0,-592.8,791.5,1679.2
1,6,370,1.4811,137.309,-97.792,-37.801,-137.869,130.905,167.930,672.62,0,0,-582.2,765.1,1736.0
1,6,380,1.5212,138.007,-98.128,-33.609,-137.261,131.260,166.665,672.21,0,0,-567.8,735.8,1791.7
1,6,390,1.5612,138.719,-98.470,-29.330,-136.640,131.623,165.373,671.80,0,0,-549.4,703.7,1845.9
1,6,400,1.6012,139.445,-98.819,-24.970,-136.007,131.992,164.057,671.39,0,0,-526.9,669.0,1898.0
1,6,410,1.6413,140.184,-99.174,-20.536,-135.363,132.368,162.718,670.98,0,0,-500.2,631.9,1947.5
1,6,420,1.6813,140.933,-99.535,-16.033,-134.709,132.750,161.359,670.56,0,0,-469.3,592.7,1993.9
1,6,430,1.7213,141.693,-99.900,-11.470,-134.046,133.136,159.982,670.14,0,0,-434.3,551.7,2036.6
1,6,440,1.7613,142.462,-100.270,-6.853,-133.376,133.527,158.588,669.72,0,0,-395.1,509.3,2075.0
1,6,450,1.8014,143.239,-100.643,-2.189,-132.699,133.923,157.180,669.30,0,0,-352.1,465.7,2108.8
1,6,460,1.8414,144.022,-101.019,2.514,-132.016,134.321,155.761,668.89,0,0,-305.4,421.6,2137.5
1,6,470,1.8814,144.810,-101.398,7.249,-131.329,134.722,154.331,668.48,0,0,-255.3,377.1,2160.8
1,6,480,1.9215,145.603,-101.779,12.009,-130.638,135.126,152.895,668.07,0,0,-202.3,332.9,2178.2
1,6,490,1.9615,146.398,-102.162,16.785,-129.944,135.530,151.453,667.66,0,0,-146.7,289.2,2189.6
1,6,500,2.0015,147.195,-102.545,21.571,-129.249,135.936,150.008,667.26,0,0,-89.0,246.6,2194.7
1,6,510,2.0416,147.993,-102.928,26.359,-128.554,136.341,148.563,666.86,0,0,-29.7,205.4,2193.5
1,6,520,2.0816,148.789,-103.311,31.142,-127.860,136.747,147.119,666.47,0,0,30.6,165.9,2185.9
1,6,530,2.1216,149.583,-103.693,35.911,-127.167,137.151,145.679,666.09,0,0,91.4,128.5,2172.1
1,6,540,2.1616,150.374,-104.073,40.659,-126.478,137.553,144.246,665.72,0,0,152.0,93.5,2152.0
1,6,550,2.2017,151.160,-104.450,45.379,-125.793,137.953,142.821,665.35,0,0,211.9,61.2,2125.9
1,6,560,2.2417,151.940,-104.825,50.064,-125.112,138.350,141.407,664.99,0,0,270.6,31.6,2094.2
1,6,570,2.2817,152.713,-105.197,54.705,-124.439,138.743,140.006,664.64,0,0,327.4,5.0,2057.1
1,6,580,2.3218,153.477,-105.564,59.296,-123.772,139.132,138.621,664.30,0,0,382.0,-18.5,2015.1
1,6,590,2.3618,154.232,-105.927,63.830,-123.114,139.516,137.252,663.97,0,0,433.8,-39.1,1968.7
1,6,600,2.4018,154.977,-106.285,68.299,-122.465,139.895,135.903,663.66,0,0,482.4,-56.5,1918.2
1,6,610,2.4419,155.709,-106.637,72.697,-121.826,140.267,134.575,663.35,0,0,527.6,-71.0,1864.3
1,6,620,2.4819,156.428,-106.983,77.017,-121.199,140.634,133.271,663.05,0,0,568.9,-82.7,1807.5
1,6,630,2.5219,157.134,-107.322,81.253,-120.584,140.992,131.992,662.76,0,0,606.2,-91.6,1748.4
1,6,640,2.5620,157.824,-107.654,85.399,-119.982,141.344,130.741,662.48,0,0,639.4,-97.9,1687.4
1,6,650,2.6020,158.498,-107.978,89.448,-119.394,141.687,129.519,662.08,0,0,668.4,-101.9,1625.3
1,6,660,2.6420,159.156,-108.294,93.395,-118.821,142.021,128.327,658.65,0,0,693.1,-103.8,1562.4
1,6,670,2.6820,159.795,-108.601,97.234,-118.264,142.346,127.168,651.33,0,0,713.7,-103.7,1499.4
1,6,680,2.7221,160.415,-108.899,100.961,-117.723,142.662,126.044,640.49,0,0,730.3,-101.9,1436.7
1,6,690,2.7621,161.016,-109.188,104.569,-117.199,142.968,124.954,626.55,0,0,742.9,-98.7,1374.7
1,6,700,2.8021,161.597,-109.467,108.055,-116.693,143.263,123.902,609.90,0,0,751.9,-94.3,1313.9
1,6,710,2.8422,162.156,-109.736,111.415,-116.205,143.548,122.888,590.96,0,0,757.4,-88.8,1254.6
1,6,720,2.8822,162.694,-109.994,114.644,-115.736,143.822,121.913,570.15,0,0,759.8,-82.6,1197.0
1,6,730,2.9222,163.209,-110.242,117.738,-115.287,144.084,120.979,547.87,0,0,759.3,-75.8,1141.6
1,6,740,2.9623,163.702,-110.479,120.696,-114.857,144.334,120.086,524.51,0,0,756.4,-68.6,1088.6
1,6,750,3.0023,164.171,-110.704,123.514,-114.448,144.573,119.236,500.42,0,0,751.2,-61.1,1038.0
1,6,760,3.0423,164.617,-110.919,126.189,-114.060,144.800,118.428,475.95,0,0,744.2,-53.5,990.0
1,6,770,3.0823,165.038,-111.121,128.721,-113.692,145.014,117.664,451.43,0,0,735.6,-46.0,944.9
1,6,780,3.1224,165.436,-111.312,131.107,-113.346,145.216,116.944,427.13,0,0,725.8,-38.5,902.5
1,6,790,3.1624,165.809,-111.492,133.347,-113.021,145.406,116.267,403.32,0,0,715.2,-31.3,863.0
1,6,800,3.2024,166.157,-111.659,135.441,-112.717,145.584,115.635,380.24,0,0,703.9,-24.4,826.4
1,6,810,3.2425,166.481,-111.815,137.388,-112.434,145.749,115.048,358.07,0,0,692.2,-17.8,792.6
1,6,820,3.2825,166.781,-111.959,139.188,-112.173,145.901,114.504,336.99,0,0,680.5,-11.6,761.6
1,6,830,3.3225,167.057,-112.092,140.845,-111.932,146.041,114.004,317.13,0,0,668.9,-5.8,733.3
1,6,840,3.3626,167.309,-112.213,142.358,-111.712,146.170,113.547,298.62,0,0,657.6,-0.5,707.7
1,6,850,3.4026,167.538,-112.323,143.731,-111.513,146.286,113.133,281.52,0,0,646.9,4.3,684.7
1,6,860,3.4426,167.743,-112.422,144.967,-111.334,146.391,112.760,265.91,0,0,636.7,8.7,664.2
1,6,870,3.4827,167.927,-112.510,146.068,-111.174,146.484,112.427,251.82,0,0,627.3,12.6,646.0
1,6,880,3.5227,168.089,-112.588,147.040,-111.033,146.566,112.134,239.25,0,0,618.7,16.1,630.1
1,6,890,3.5627,168.230,-112.655,147.888,-110.910,146.638,111.878,228.19,0,0,611.0,19.1,616.4
1,6,900,3.6027,168.351,-112.714,148.616,-110.804,146.700,111.658,218.62,0,0,604.2,21.7,604.6
1,6,910,3.6428,168.454,-112.763,149.231,-110.715,146.752,111.473,210.49,0,0,598.4,23.9,594.7
1,6,920,3.6828,168.538,-112.804,149.741,-110.641,146.795,111.319,203.71,0,0,593.5,25.7,586.6
1,6,930,3.7228,168.607,-112.837,150.152,-110.581,146.830,111.195,198.22,0,0,589.5,27.2,580.0
1,6,940,3.7629,168.661,-112.862,150.475,-110.534,146.857,111.097,193.91,0,0,586.3,28.4,574.9
1,6,950,3.8029,168.701,-112.882,150.716,-110.499,146.878,111.024,190.67,0,0,583.9,29.2,571.1
1,6,960,3.8429,168.730,-112.896,150.888,-110.474,146.892,110.973,188.36,0,0,582.2,29.8,568.4
1,6,970,3.8830,168.748,-112.905,151.000,-110.458,146.902,110.939,186.85,0,0,581.0,30.2,566.6
1,6,980,3.9230,168.759,-112.910,151.065,-110.448,146.907,110.919,185.98,0,0,580.4,30.5,565.6
1,6,990,3.9630,168.764,-112.912,151.095,-110.444,146.910,110.910,185.58,0,0,580.1,30.6,565.1
1,6,1000,4.0030,168.765,-112.913,151.103,-110.443,146.911,110.908,185.47,0,0,580.0,30.6,565.0
1,6,1005,4.0231,168.765,-112.913,151.103,-110.443,146.911,110.908,185.47,0,0,580.0,30.6,565.0
